Chinois,Pinyin,Anglais,Books,Chapter
你,nǐ,you,1-1,1
來,lái,to come,1-1,1
是,shì,to be,1-1,1
小姐,xiǎojiě,Miss / Ms.,1-1,1
嗎,ma,question particle,1-1,1
接,jiē,to pick sb up,1-1,1
我們,wǒmen,we / us,1-1,1
我,wǒ,I / me,1-1,1
這,zhè / zhèi,this,1-1,1
先生,xiānshēng,Mr.,1-1,1
好,hǎo,fine / well,1-1,1
姓,xìng,to be surnamed,1-1,1
叫,jiào,to be called,1-1,1
你們,nǐmen,you (plural),1-1,1
好的,hǎode,OK,1-1,1
外帶,wàidài,take out / to go,1-1,4
內用,nèiyòng,for here,1-1,4
伯母,bómǔ,aunt / polite term ,1-1,2
您,nín,you (honorific),1-1,2
名字,míngzi,name,1-1,2
書,shū,book,1-1,2
哥哥,gēge,older brother,1-1,2
老師,lǎoshī,teacher,1-1,2
看書,kànshū,to read,1-1,2
幾,jǐ,how many,1-1,2
個,ge,general measure word,1-1,2
沒,méi,not (to have),1-1,2
兄弟,xiōngdì,brothers,1-1,2
姐妹,jiěmèi,sisters,1-1,2
兩,liǎng,two,1-1,2
一共,yígòng,altogether,1-1,4
多少,duōshǎo,how much / how many,1-1,4
錢,qián,money,1-1,4
老闆,lǎobǎn,store-owner / boss,1-1,4
買,mǎi,to buy,1-1,4
杯,bēi,cup,1-1,4
熱,rè,hot,1-1,4
包子,bāozi,steamed buns,1-1,4
大,dà,large,1-1,4
中,zhōng,medium,1-1,4
小,xiǎo,small,1-1,4
幫,bāng,for,1-1,4
微波,wéibō,to microwave,1-1,4
百,bǎi,hundred,1-1,4
塊,kuài,measure word for Chinese money,1-1,4
昨天,zuótiān,yesterday,1-1,5
餐廳,cāntīng,restaurant,1-1,5
可是,kěshì,but / however,1-1,5
辣,là,hot (spicy),1-1,5
怕,pà,to not like / to fear,1-1,5
所以,suǒyǐ,therefore / so,1-1,5
自己,zìjǐ,self,1-1,5
做飯,zuòfàn,to cook,1-1,5
得,de,complement marker,1-1,5
會,huì,to be able to / can,1-1,5
甜點,tiándiǎn,dessert,1-1,5
不錯,búcuò,not bad,1-1,5
可以,kěyǐ,could (possibility),1-1,5
教,jiāo,to teach,1-1,5
到,dào,to,1-1,5
一,yī,one,1-1,2
二,èr,two,1-1,2
三,sān,three,1-1,2
四,sì,four,1-1,2
五,wǔ,five,1-1,2
六,liù,six,1-1,2
七,qī,seven,1-1,2
八,bā,eight,1-1,2
九,jiǔ,nine,1-1,2
十,shí,ten,1-1,2
有一點,yǒu yìdiǎn,a little,1-1,5
不好,bù hǎo,not well,1-1,5
支,zhī,measure word for cell phones,1-1,4
新,xīn,new,1-1,4
手機,shǒujī,cell phone,1-1,4
太,tài,too / very,1-1,4
舊,jiù,old,1-1,4
了,le,end action particle,1-1,4
週末,zhōumò,weekend,1-1,3
聽,tīng,to listen,1-1,3
音樂,yīnyuè,music,1-1,3
運動,yùndòng,to exercise,1-1,3
打,dǎ,to play (ball games),1-1,3
網球,wǎngqiú,tennis,1-1,3
棒球,bàngqiú,baseball,1-1,3
和,hàn,and / as well as,1-1,3
游泳,yóuyǒng,to swim,1-1,3
常,cháng,often,1-1,3
籃球,lánqiú,basketball,1-1,3
也,yě,also,1-1,3
踢,tī,to kick,1-1,3
足球,zúqiú,soccer,1-1,3
覺得,juéde,to feel / to think,1-1,3
好玩,hǎowán,interesting / fun,1-1,3
明天,míngtiān,tomorrow,1-1,3
早上,zǎoshàng,morning,1-1,3
去,qù,to go,1-1,3
怎麼樣,zěnmeyàng,How about it?,1-1,3
啊,a,agreement particle,1-1,3
做什麼,zuò shénme,do what,1-1,3
好啊,hǎo a,OK,1-1,4
晚飯,wǎnfàn,dinner,1-1,4
菜,cài,cuisine,1-1,4
越南,Yuènán,Vietnam,1-1,3
好不好,hǎo bù hǎo,How about...? / How does that sound?,1-1,3
今天,jīntiān,today,1-1,3
晚上,wǎnshàng,evening / night,1-1,3
看,kàn,to see / to watch,1-1,3
電影,diànyǐng,movie,1-1,3
妳,nǐ,you (female),1-1,3
想,xiǎng,to want / to think,1-1,3
還是,háishì,or (used in a question),1-1,3
吧,ba,suggestion particle,1-1,3
學,xué,to learn / to study,1-1,3
中文,Zhōngwén,Chinese language,1-1,3
一起,yìqǐ,together,1-1,3
吃,chī,to eat,1-1,3
歡迎,huānyíng,welcome,1-1,1
請問,qǐngwèn,May I ask you,1-1,1
是的,shìde,yes,1-1,1
謝謝,xièxie,Thank you.,1-1,1
不客氣,búkèqì,You're welcome.,1-1,1
你好,nǐ hǎo,How are you? / Hello.,1-1,1
牛肉,niúròu,beef,1-1,5
麵,miàn,noodles,1-1,5
真,zhēn,really,1-1,5
好吃,hǎochī,delicious,1-1,5
說,shuō,say,1-1,5
種,zhǒng,kind / type,1-1,4
能,néng,can / to be able to,1-1,4
上網,shàngwǎng,to access the internet / to use the internet,1-1,4
那,nà / nèi,that,1-1,4
貴,guì,expensive,1-1,4
賣,mài,to sell,1-1,4
便宜,piányí,cheap / inexpensive,1-1,4
萬,wàn,ten thousand,1-1,4
千,qiān,thousand,1-1,4
為什麼,wèishénme,why,1-1,4
少,shǎo,few in number,1-1,5
有名,yǒumíng,well known / famous,1-1,5
小吃,xiǎochī,light repast / snack,1-1,5
最,zuì,most,1-1,5
湯,tāng,soup / broth,1-1,5
這麼,zhème,so,1-1,5
知道,zhīdào,to know,1-1,5
家,jiā,measure word for restaurants - shops,1-1,5
店,diàn,shop / store,1-1,5
一定,yídìng,really must / definitely,1-1,5
點,diǎn,to order (meals),1-1,5
碗,wǎn,a bowl of,1-1,5
是啊,shì a,That's right.,1-1,5
小籠包,xiǎolóngbāo,xiaolongbao,1-1,5
臭豆腐,chòu dòufǔ,stinky tofu,1-1,5
太好了,tài hǎo le,Excellent. Great.,1-1,5
請,qǐng,please,1-1,1
喝,hē,to drink,1-1,1
茶,chá,tea,1-1,1
很,hěn,very,1-1,1
好喝,hǎohē,good to drink,1-1,1
什麼,shénme,what,1-1,1
人,rén,person / people,1-1,1
喜歡,xǐhuān,to like,1-1,1
呢,ne,return quetstion particle,1-1,1
他,tā,he / him,1-1,1
不,bù,not,1-1,1
哪,nǎ / něi,which,1-1,1
要,yào,to want to / to need,1-1,1
咖啡,kāfēi,coffee,1-1,1
烏龍茶,Wūlóng chá,Oolong tea,1-1,1
日本,Rìběn,Japan,1-1,1
美國,Měiguó,America,1-1,1
對不起,duìbùqǐ,I'm sorry.,1-1,1
哪國,nǎ guó,Which country?,1-1,1
的,de,modification marker,1-1,2
家人,jiārén,family (members),1-1,2
家,jiā,home / house,1-1,2
漂亮,piàoliang,pretty,1-1,2
房子,fángzi,house,1-1,2
坐,zuò,to sit,1-1,2
好,hǎo,OK,1-1,2
有,yǒu,to have,1-1,2
多,duō,many,1-1,2
照片,zhàopiàn,photo,1-1,2
都,dōu,all / both,1-1,2
照相,zhàoxiàng,to take a photo,1-1,2
張,zhāng,measure word for flat objects,1-1,2
好看,hǎokàn,good-looking,1-1,2
誰,shéi,who,1-1,2
姐姐,jiějie,older sister,1-1,2
妹妹,mèimei,younger sister,1-1,2
爸爸,bàba,dad,1-1,2
媽媽,māma,mom,1-1,2
請進,qǐng jìn,Please come in!,1-1,2
他們,tāmen,they / them,1-2,6
學校,xuéxiào,school,1-2,6
在,zài,at / in / to be located,1-2,6
山上,shān shàng,on the mountain,1-2,6
哪裡,nǎlǐ,where,1-2,6
遠,yuǎn,far,1-2,6
那裡,nàlǐ,there,1-2,6
風景,fēngjǐng,scenery / landscape,1-2,6
美,měi,beautiful,1-2,6
前面,qiánmiàn,in front / ahead,1-2,6
海,hǎi,sea / ocean,1-2,6
後面,hòumiàn,behind / at the back,1-2,6
山,shān,mountain,1-2,6
真的,zhēn de,really / truly,1-2,6
地方,dìfang,place / location,1-2,6
現在,xiànzài,now / currently,1-2,6
附近,fùjìn,nearby / vicinity,1-2,6
樓下,lóu xià,downstairs,1-2,6
找,zhǎo,to look for / to find,1-2,6
朋友,péngyou,friend,1-2,6
上課,shàngkè,to attend class,1-2,6
花蓮,Huālián,Hualien (city in eastern Taiwan),1-2,6
聽說,tīngshuō,to hear (that) / it is said,1-2,6
近,jìn,near / close,1-2,6
方便,fāngbiàn,convenient,1-2,6
這裡,zhèlǐ,here,1-2,6
學生,xuéshēng,student,1-2,6
東西,dōngxi,thing / stuff,1-2,6
外面,wàimiàn,outside,1-2,6
裡面,lǐmiàn,inside,1-2,6
商店,shāngdiàn,shop / store,1-2,6
吃飯,chīfàn,to eat (a meal),1-2,6
宿舍,sùshè,dormitory,1-2,6
樓,lóu,floor / building,1-2,6
棟,dòng,(measure word for buildings),1-2,6
大樓,dàlóu,building / tower,1-2,6
圖書館,túshūguǎn,library,1-2,6
旁邊,pángbiān,beside / next to,1-2,6
教室,jiàoshì,classroom,1-2,6
游泳池,yóuyǒngchí,swimming pool,1-2,6
點,diǎn,o’clock / point,1-2,7
KTV,KTV,karaoke (from “Karaoke Television”),1-2,7
唱歌,chànggē,to sing (songs),1-2,7
分,fēn,minute,1-2,7
見面,jiànmiàn,to meet (face-to-face),1-2,7
從,cóng,from,1-2,7
中午,zhōngwǔ,noon / midday,1-2,7
得,děi,must / have to,1-2,7
銀行,yínháng,bank,1-2,7
時候,shíhou,time / moment / when,1-2,7
後天,hòutiān,day after tomorrow,1-2,7
大安,Dà’ān,Da’an (district in Taipei),1-2,7
下次,xiàcì,next time,1-2,7
沒問題,méi wèntí,no problem,1-2,7
對了,duìle,by the way / that’s right,1-2,7
有空,yǒu kòng,to have free time,1-2,7
再見,zàijiàn,goodbye,1-2,7
在,zài,at / in (location/time),1-2,7
午餐,wǔcān,lunch,1-2,7
剛,gāng,just (now) / just finished,1-2,7
下課,xiàkè,to finish class / class dismissed,1-2,7
下午,xiàwǔ,afternoon,1-2,7
半,bàn,half,1-2,7
比賽,bǐsài,competition / match / game,1-2,7
結束,jiéshù,to end / to finish,1-2,7
最近,zuìjìn,recently / lately,1-2,7
忙,máng,busy,1-2,7
每,měi,every / each,1-2,7
天,tiān,day,1-2,7
書法,shūfǎ,calligraphy,1-2,7
課,kè,class / lesson,1-2,7
開始,kāishǐ,to begin / to start,1-2,7
字,zì,character / word,1-2,7
寫,xiě,to write,1-2,7
可以,kěyǐ,can / may,1-2,7
問,wèn,to ask,1-2,7
等一下,děng yíxià,wait a moment,1-2,7
有事,yǒu shì,to have something to do / to be busy,1-2,7
有意思,yǒu yìsi,interesting,1-2,7
坐,zuò,to sit / to travel by,1-2,8
火車,huǒchē,train,1-2,8
跟,gēn,with,1-2,8
玩,wán,to have fun / to play / to hang out,1-2,8
怎麼,zěnme,how,1-2,8
慢,màn,slow,1-2,8
鐘頭,zhōngtóu,hour,1-2,8
比較,bǐjiào,relatively / more,1-2,8
快,kuài,fast / quick,1-2,8
車票,chēpiào,train/transportation ticket,1-2,8
非常,fēicháng,extremely / very,1-2,8
लेकिन / 但是,dànshì,but / however,1-2,8
又,yòu,both... and...,1-2,8
舒服,shūfú,comfortable,1-2,8
站,zhàn,station / stop,1-2,8
或是,huòshì,or,1-2,8
臺南 / 台南,Táinán,Tainan,1-2,8
高鐵,gāotiě,High Speed Rail (HSR),1-2,8
網路上,wǎngluò shàng,on the internet,1-2,8
便利商店,biànlì shāngdiàn,convenience store,1-2,8
同學,tóngxué,classmate,1-2,8
參觀,cānguān,to visit (a place/exhibit),1-2,8
古代,gǔdài,ancient times,1-2,8
騎,qí,to ride (a bicycle or motorcycle),1-2,8
機車,jīchē,scooter,1-2,8
載,zài,to give someone a ride,1-2,8
捷運,jiéyùn,MRT,1-2,8
比,bǐ,to compare / than,1-2,8
故宮博物院 / 故宮,Gùgōng Bówùyuàn,National Palace Museum,1-2,8
博物院,Bówùyuàn,museum,1-2,8
中國,Zhōngguó,China,1-2,8
公共汽車 / 公車,gōnggòng qìchē / gōngchē,bus,1-2,8
計程車,jìchéngchē,taxi,1-2,8
差不多,chàbuduō,about the same / more or less,1-2,8
星期,xīngqí,week,1-2,9
回國,huíguó,to return to one's country,1-2,9
打算,dǎsuàn,to plan to,1-2,9
電視,diànshì,TV,1-2,9
影片,yǐngpiàn,video,1-2,9
旅行,lǚxíng,to travel,1-2,9
功課,gōngkè,homework,1-2,9
出去,chūqù,to go out,1-2,9
大概,dàgài,approximately / about / probably,1-2,9
放假,fàngjià,to have a holiday,1-2,9
下個星期,xià ge xīngqí,next week,1-2,9
有時候,yǒu shíhòu,sometimes,1-2,9
多久,duō jiǔ,how long,1-2,9
臺東,Táidōng,Taitung (city in Taiwan),1-2,9
女,nǚ,girl- / female-,1-2,9
月,yuè,month of a year,1-2,9
號,hào,date / day of a month,1-2,9
帶,dài,to take,1-2,9
她,tā,she / her,1-2,9
還,hái,still / additionally,1-2,9
建議,jiànyì,suggestion,1-2,9
夜市,yèshì,night market,1-2,9
應該,yīnggāi,should,1-2,9
逛,guàng,to wander around / to look around,1-2,9
特別,tèbié,special / different,1-2,9
茶館,cháguǎn,tea house,1-2,9
決定,juédìng,to decide,1-2,9
要是,yàoshì,if,1-2,9
就,jiù,then,1-2,9
水果,shuǐguǒ,fruit,1-2,10
黃色,huángsè,yellow,1-2,10
芒果,mángguǒ,mango,1-2,10
給,gěi,to give,1-2,10
塊,kuài,measure word for pieces of food,1-2,10
香,xiāng,fragrant,1-2,10
甜,tián,sweet (taste),1-2,10
紅色,hóngsè,red,1-2,10
西瓜,xīguā,watermelon,1-2,10
吧,ba,sentence-final particle for guessing,1-2,10
對,duì,correct / right,1-2,10
以前,yǐqián,before,1-2,10
機會,jīhuì,opportunity,1-2,10
請,qǐng,to treat sb to sth,1-2,10
吃吃看,chīchīkàn,to have a taste / try it / taste,1-2,10
拍,pāi,to take (pictures),1-2,10
笑,xiào,to laugh / to smile,1-2,10
開心,kāixīn,happy,1-2,10
穿,chuān,to wear / to put on,1-2,10
衣服,yīfú,clothes,1-2,10
旅館,lǚguǎn,hotel,1-2,10
太太,tàitai,wife,1-2,10
男,nán,boy- / male-,1-2,10
矮,ǎi,short (height),1-2,10
高,gāo,tall,1-2,10
弟弟,dìdi,younger brother,1-2,10
乾淨,gānjìng,clean,1-2,10
窗戶,chuānghù,window,1-2,10
往,wǎng,toward / to,1-2,10
藍色,lánsè,blue,1-2,10
因為,yīnwèi,because,1-2,10
住,zhù,to stay,1-2,10
上個月,shàng ge yuè,last month,1-2,10
這些,zhèxiē,these,1-2,10
租,zū,to rent,1-2,11
房東,fángdōng,landlord,1-2,11
客廳,kètīng,living room,1-2,11
廚房,chúfáng,kitchen,1-2,11
左邊,zuǒbiān,left (side),1-2,11
右邊,yòubiān,right (side),1-2,11
浴室,yùshì,bathroom,1-2,11
超市,chāoshì,supermarket,1-2,11
走路,zǒulù,to walk,1-2,11
分鐘,fēnzhōng,measure word for minutes,1-2,11
就,jiù,only / merely,1-2,11
到,dào,arrive,1-2,11
間,jiān,measure word for houses - rooms - ...,1-2,11
空,kōng,vacant / empty,1-2,11
房間,fángjiān,room,1-2,11
套房,tàofáng,suite,1-2,11
回去,huíqù,to go back / to return,1-2,11
想,xiǎng,to think,1-2,11
再,zài,and then,1-2,11
電話,diànhuà,telephone,1-2,11
給,gěi,to,1-2,11
林,Lín,Chinese last name,1-2,11
打電話,dǎ diànhuà,to make a phone call,1-2,11
喂,wéi,a particle used in addressing people (especially over the phone),1-2,11
房租,fángzū,rent (for a room or a house),1-2,11
已經,yǐjīng,already,1-2,11
習慣,xíguàn,to get settled down / to get used to,1-2,11
問題,wèntí,problem / question,1-2,11
熱水器,rèshuǐqì,water heater,1-2,11
好像,hǎoxiàng,to seem to be / to appear to be (often used to take the edge off of a comment),1-2,11
會,huì,will,1-2,11
等,děng,to wait for,1-2,11
那,nà,then / in that case,1-2,11
裝,zhuāng,to install,1-2,11
不過,búguò,however / but,1-2,11
付,fù,to pay,1-2,11
收到,shōudào,to receive,1-2,11
不好意思,bùhǎo yìsi,sorry,1-2,11
沒關係,méi guānxi,Not a problem.,1-2,11
有線電視,yǒuxiàn diànshì,cable TV,1-2,11
我,wǒ,I / me,101,x
你,nǐ,you,101,x
他,tā,he / him,101,x
她,tā,she / her,101,x
它,tā,it,101,x
我們,wǒmen,we / us,101,x
你們,nǐmen,you (plural),101,x
傳統,tāmen,they / them (male/mixed),101,x
它們,tāmen,they / them (non-human),101,x
這,zhè,this,101,x
那,nà,that,101,x
這裡,zhèlǐ,here,101,x
那裡,nàlǐ,there,101,x
中國,Zhōngguó,China,101,x
中文,Zhōngwén,Chinese language,101,x
人,rén,person / people,101,x
名字,míngzi,name,101,x
媽媽,māma,mom / mother,101,x
爸爸,bàba,dad / father,101,x
朋友,péngyou,friend,101,x
孩子,háizi,child / kids,101,x
地方,dìfang,place / location,101,x
家,jiā,home / family,101,x
店,diàn,shop / store,101,x
東西,dōngxi,thing / stuff,101,x
錢,qián,money,101,x
工作,gōngzuò,work / job,101,x
房子,fángzi,house / building,101,x
房間,fángjiān,room,101,x
車,chē,car / vehicle,101,x
路,lù,road / path,101,x
水,shuǐ,water,101,x
茶,chá,tea,101,x
飯,fàn,rice / meal,101,x
電,diàn,electricity,101,x
手機,shǒujī,cellphone / mobile phone,101,x
書,shū,book,101,x
現在,xiànzài,now,101,x
今天,jīntiān,today,101,x
明天,míngtiān,tomorrow,101,x
昨天,zuótiān,yesterday,101,x
時間,shíjiān,time,101,x
時候,shíhou,time / moment,101,x
分鐘,fēnzhōng,minute,101,x
年,nián,year,101,x
月,yuè,month / moon,101,x
日,rì,day / sun,101,x
號,hào,day of month / number,101,x
星期,xīngqī,week,101,x
裡面,lǐmiàn,inside,101,x
外面,wàimiàn,outside,101,x
個,gè,general measure word,101,x
元,yuán,Yuan (currency unit),101,x
塊,kuài,piece / Yuan (spoken),101,x
做,zuò,to do / to make,101,x
是,shì,to be,101,x
在,zài,to be at / located in,101,x
有,yǒu,to have,101,x
來,lái,to come,101,x
去,qù,to go,101,x
回,huí,to return,101,x
想,xiǎng,to think / to want,101,x
要,yào,to want / need,101,x
吃,chī,to eat,101,x
喝,hē,to drink,101,x
說,shuō,to speak / to say,101,x
看,kàn,to look / to watch,101,x
聽,tīng,to listen,101,x
見,jiàn,to see / to meet,101,x
叫,jiào,to be called / to call,101,x
給,gěi,to give,101,x
打,dǎ,to hit / to play (sports),101,x
買,mǎi,to buy,101,x
到,dào,to arrive,101,x
等,děng,to wait,101,x
學,xué,to learn / to study,101,x
喜歡,xǐhuan,to like,101,x
好,hǎo,good,101,x
壞,huài,bad,101,x
大,dà,big,101,x
小,xiǎo,small,101,x
多,duō,many / much,101,x
少,shǎo,few / little,101,x
遠,yuǎn,far,101,x
近,jìn,near / close,101,x
熱,rè,hot,101,x
冷,lěng,cold,101,x
男,nán,male,101,x
女,nǚ,female,101,x
漂亮,piàoliang,pretty / beautiful,101,x
高興,gāoxìng,happy / glad,101,x
有趣,yǒuqù,interesting,101,x
很,hěn,very,101,x
太,tài,too (much),101,x
也,yě,also / too,101,x
就,jiù,then / at once,101,x
不,bù,not,101,x
沒,méi,not (have),101,x
和,hé,and,101,x
但是,dànshì,but / however,101,x
因為,yīnwèi,because,101,x
所以,suǒyǐ,so / therefore,101,x
如果,rúguǒ,if,101,x
比如,bǐrú,for example,101,x
還是,háishì,or (in questions),101,x
那個,nèige,that one / um (filler),101,x
計畫,jìhuà,to plan to,1-1,12
年,nián,measure word for year,1-1,12
久,jiǔ,long (time),1-1,12
時間,shíjiān,time,1-1,12
先,xiān,first,1-1,12
念,niàn,to study,1-1,12
大學,dàxué,university,1-1,12
需要,xūyào,to need,1-1,12
花,huā,to spend (time or money),1-1,12
獎學金,jiǎngxuéjīn,scholarship,1-1,12
成績,chéngjī,grades,1-1,12
學費,xuéfèi,tuition,1-1,12
公司,gōngsī,company,1-1,12
替,tì,for / on behalf of,1-1,12
希望,xīwàng,to hope,1-1,12
以後,yǐhòu,in the future,1-1,12
到,dào,to go/come to,1-1,12
上班,shàngbān,to go to work,1-1,12
念書,niànshū,to study,1-1,12
累,lèi,tired,1-1,12
語言中心,yǔyán zhōngxīn,language center,1-1,12
加油,jiāyóu,keep up the good work,1-1,12
工作,gōngzuò,to work,1-1,12
去年,qùnián,last year,1-1,12
做,zuò,to do / to engage in,1-1,12
生意,shēngyì,business,1-1,12
以後,yǐhòu,afterwards,1-1,12
好,hǎo,easy to,1-1,12
找,zhǎo,to look for,1-1,12
工作,gōngzuò,job / work,1-1,12
這樣,zhèyàng,this kind (of),1-1,12
國家,guójiā,country,1-1,12
試,shì,to try,1-1,12
難,nán,hard to / difficult to,1-1,12
那麼,nàme,then,1-1,12
再,zài,again,1-1,12
試試看,shìshìkàn,to give it a try / to try and see what happens,1-1,12
生日,shēngrì,birthday,1-1,13
快樂,kuàilè,happy,1-1,13
回來,huílái,to come back,1-1,13
啊,a,a particle indicating a realization,1-1,13
怎麼,zěnme,How come?,1-1,13
忘（了）,wàng (le),to forget,1-1,13
記得,jìde,to remember,1-1,13
當然,dāngrán,certainly / of course,1-1,13
語言,yǔyán,language,1-1,13
交換,jiāohuàn,to exchange,1-1,13
那麼,nàme,so (very),1-1,13
熱心,rèxīn,with enthusiasm,1-1,13
西班牙文,Xībānyá wén,the Spanish language,1-1,13
一樣,yíyàng,the same / alike,1-1,13
過,guò,to celebrate,1-1,13
左右,zuǒyòu,approximately,1-1,13
門口,ménkǒu,gate / entrance,1-1,13
西班牙,Xībānyá,Spain,1-1,13
生日快樂,shēngrì kuàilè,Happy Birthday,1-1,13
我就是,wǒ jiù shì,(said of self on the phone) This is s/he speaking.,1-1,13
好久不見,hǎojiǔ bújiàn,long time no see,1-1,13
不必客氣,búbì kèqì,No need to stand on formalities / i.e. / It's my pleasure.,1-1,13
太客氣,tài kèqì,That's very kind of you.,1-1,13
禮物,lǐwù,gift / present,1-1,13
今年,jīnnián,this year,1-1,13
訂,dìng,to order (something in advance),1-1,13
了,le,verbal particle indicating a completed action,1-1,13
豬腳,zhūjiǎo,pork knuckles,1-1,13
麵線,miànxiàn,extra fine noodles,1-1,13
蛋,dàn,egg,1-1,13
一點,yìdiǎn,a little / some,1-1,13
傳統,chuántǒng,tradition / customs,1-1,13
年輕,niánqīng,young,1-1,13
蛋糕,dàngāo,cake,1-1,13
對,duì,to,1-1,13
祝,zhù,to wish (somebody happiness - good luck - etc.),1-1,13
哪裡 哪裡,nǎlǐ nǎlǐ,Don't mention it. It's my pleasure.,1-1,13
大部分,dà bùfèn,most (of) / mostly,1-1,13
萬事如意,wànshì rúyì,May everything go your way.,1-1,13
心想事成,xīnxiǎng shìchéng,May all your wishes come true.,1-1,13
天氣,tiānqì,weather,1-1,14
冷,lěng,cold,1-1,14
風,fēng,wind,1-1,14
滑雪,huáxuě,to ski,1-1,14
春天,chūntiān,spring (season),1-1,14
想,xiǎng,to miss (someone),1-1,14
新年,xīnnián,New Year,1-1,14
快,kuài,soon,1-1,14
父母,fùmǔ,parents,1-1,14
冬天,dōngtiān,winter (season),1-1,14
明年,míngnián,next year,1-1,14
秋天,qiūtiān,autumn (season),1-1,14
紅葉,hóngyè,red maple leaves,1-1,14
只,zhǐ,only / merely,1-1,14
玉山,Yùshān,Yu Shan (Mount Jade) / tallest mountain in central Taiwan,1-1,14
紐約,Niǔyuē,New York,1-1,14
下雪,xiàxuě,to snow,1-1,14
十二月底,shí'èryuè dǐ,the end of December,1-1,14
雨,yǔ,rain,1-1,14
傘,sǎn,umbrella,1-1,14
颱風,táifēng,typhoon,1-1,14
要,yào,will / going to,1-1,14
夏天,xiàtiān,summer (season),1-1,14
濕,shī,wet,1-1,14
討厭,tǎoyàn,annoying,1-1,14
新聞,xīnwén,news,1-1,14
更,gèng,even (more - less - etc.),1-1,14
大家,dàjiā,everyone,1-1,14
小心,xiǎoxīn,to be careful / to take care,1-1,14
可怕,kěpà,scary,1-1,14
停,tíng,to stop,1-1,14
下雨,xiàyǔ,to rain,1-1,14
這次,zhè cì,this time,1-1,14
上次,shàng cì,last time,1-1,14
慢走,màn zǒu,Bye. Take care.,1-1,14
醫生,yīshēng,doctor,1-1,15
一直,yìzhí,continuously / all the way,1-1,15
流,liú,to flow,1-1,15
鼻水,bíshuǐ,snot,1-1,15
頭,tóu,head,1-1,15
痛,tòng,painful,1-1,15
胃口,wèikǒu,appetite,1-1,15
差,chā,poor / bad,1-1,15
喉嚨,hóulóng,throat,1-1,15
發炎,fāyán,to be inflamed,1-1,15
生病,shēngbìng,to fall ill,1-1,15
發燒,fāshāo,to have a fever,1-1,15
感冒,gǎnmào,to catch/have a cold,1-1,15
藥,yào,medicine,1-1,15
藥局,yàojú,pharmacy / drug store,1-1,15
拿,ná,to get,1-1,15
把,bǎ,disposal marker,1-1,15
水,shuǐ,water,1-1,15
休息,xiūxí,to rest,1-1,15
睡覺,shuìjiào,to sleep,1-1,15
早一點,zǎo yìdiǎn,earlier,1-1,15
臉色,liǎnsè,a person's color (said of face),1-1,15
難看,nánkàn,not to look good,1-1,15
肚子,dùzi,stomach / abdomen,1-1,15
吐,tù,to throw up / to vomit,1-1,15
幾,jǐ,(a) few,1-1,15
次,cì,measure word for times / occurrences,1-1,15
陪,péi,to go/stay with somebody / to accompany,1-1,15
看病,kànbìng,to see a doctor,1-1,15
健康,jiànkāng,health,1-1,15
保險,bǎoxiǎn,insurance,1-1,15
跟,gēn,to,1-1,15
油,yóu,oily / greasy,1-1,15
冰,bīng,icy,1-1,15
別,bié,don't (used in imperatives),1-1,15
關心,guānxīn,to be concerned about,1-1,15
包,bāo,measure word for bags / packages etc.,1-1,15
睡,shuì,to sleep,1-1,15
小時,xiǎoshí,hour,1-1,15
怎麼了,zěnme le,What's wrong?,1-1,15
不用了,búyòng le,It's not necessary.,1-1,15
健康中心,jiànkāng zhōngxīn,health center,1-1,15
回家,huíjiā,to return home,1-1,15
最好,zuìhǎo,had better,1-1,15